,UPN,AvgProbability,Name
0,Account@contoso.com,0.7333,Account
1,Maerskshipping@contoso.com,0.7423,Maerskshipping
2,abby@contoso.com,0.7355,abby
3,aditya.sahasrabudhe@office365demo.com,0.7947,aditya.sahasrabudhe
4,admin.itax2@contoso.com,0.7242,admin.itax2
5,ahamed.marzuk@office365demo.com,0.8494,ahamed.marzuk
6,ajay.singh@office365demo.com,0.7786,ajay.singh
7,ajayraghav@office365demo.com,0.8035,ajayraghav
8,ajit.singh@office365demo.com,0.7236,ajit.singh
9,akanksha.rathi@office365demo.com,0.7954,akanksha.rathi
10,amit.dixit@office365demo.com,0.8226,amit.dixit
11,amit.waghmare@office365demo.com,0.7661,amit.waghmare
12,amit2.jadhav@office365demo.com,0.839,amit2.jadhav
13,ana.itzcoalt@office365demo.com,0.7681,ana.itzcoalt
14,anandan.palanisamy@office365demo.com,0.8517,anandan.palanisamy
15,andy@nibrema.com,0.7236,andy
16,angelica.montoya@office365demo.com,0.7548,angelica.montoya
17,anil.singh@office365demo.com,0.7153,anil.singh
18,ankurrohilla@office365demo.com,0.8517,ankurrohilla
19,antonyja@office365demo.com,0.7305,antonyja
20,aravind.murugesan@office365demo.com,0.8191,aravind.murugesan
21,arulsakthivel.gopalan@office365demo.com,0.8304,arulsakthivel.gopalan
22,arulsvpssd@gmail.com,0.7978,arulsvpssd
23,arun.rajagopal@office365demo.com,0.8201,arun.rajagopal
24,arunkumar.sekar@office365demo.com,0.8462,arunkumar.sekar
25,arvind.bhuvad@office365demo.com,0.8021,arvind.bhuvad
26,ashishsrivastava@office365demo.com,0.8059,ashishsrivastava
27,ashwani.dhiman@office365demo.com,0.7719,ashwani.dhiman
28,babu.rajendraprasad@office365demo.com,0.8014,babu.rajendraprasad
29,balajiv@office365demo.com,0.787,balajiv
30,balasubramanian.duraisamy@office365demo.com,0.8345,balasubramanian.duraisamy
31,bharathiraja.thanikachalam@office365demo.com,0.8052,bharathiraja.thanikachalam
32,billsreceivable@office365demo.com,0.7487,billsreceivable
33,brennan@toryrust.com,0.7276,brennan
34,chandan.kumar@infocubesolution.com,0.8624,chandan.kumar
35,chandramohanr@office365demo.com,0.8574,chandramohanr
36,chandru.manoharan@office365demo.com,0.7616666666666667,chandru.manoharan
37,chenthamil.krishnasamyperumal@office365demo.com,0.795175,chenthamil.krishnasamyperumal
38,chithiraiselvi.rajan@office365demo.com,0.738,chithiraiselvi.rajan
39,christopher.david@office365demo.com,0.7959,christopher.david
40,christopherjabarajd@office365demo.com,0.81195,christopherjabarajd
41,city@office365demo.com,0.8051,city
42,contact@sarnwootes.com,0.8145,contact
43,coordinator@office365demo.com,0.8633,coordinator
44,cs@office365demo.com,0.7904,cs
45,customerservice@citibank.com,0.7153,customerservice
46,dalbiryadav@office365demo.com,0.8298,dalbiryadav
47,deepak.jangra@office365demo.com,0.8229,deepak.jangra
48,deepak.kaswa@office365demo.com,0.74,deepak.kaswa
49,deepakbist@office365demo.com,0.8014,deepakbist
50,deepakdhoundiyal@office365demo.com,0.8442,deepakdhoundiyal
51,devaraj.balakrishnan@office365demo.com,0.8423,devaraj.balakrishnan
52,devender.kumar@office365demo.com,0.7612,devender.kumar
53,devprakash@office365demo.com,0.8056,devprakash
54,dhamodharan.kesavan@office365demo.com,0.7248,dhamodharan.kesavan
55,dhanagopal.devaraj@office365demo.com,0.722,dhanagopal.devaraj
56,dhanesh.joshi@office365demo.com,0.7552,dhanesh.joshi
57,dheerendra.kumar@office365demo.com,0.7705,dheerendra.kumar
58,dheerendralohani@office365demo.com,0.8442,dheerendralohani
59,donotreply@m-sytemg.site,0.8011,donotreply
60,eblin.nesayyan@office365demo.com,0.7562,eblin.nesayyan
61,farayi.zvavamwe@seedcogroup.com,0.7675,farayi.zvavamwe
62,fay@lopoto.ga,0.7761,fay
63,frontoffice@office365demo.com,0.8375,frontoffice
64,ganesan.rajen@office365demo.com,0.7672,ganesan.rajen
65,ganesh@office365demo.com,0.741,ganesh
66,girish.singh@office365demo.com,0.8351,girish.singh
67,gokulraj.ponnusamy@office365demo.com,0.7946,gokulraj.ponnusamy
68,gowthaman.palaniswamy@office365demo.com,0.8438,gowthaman.palaniswamy
69,gst@office365demo.com,0.7956,gst
70,gupta.svb@office365demo.com,0.8519,gupta.svb
71,guruprasad.rajendran@office365demo.com,0.7876,guruprasad.rajendran
72,hamsarani.sathyanarayanan@office365demo.com,0.8355,hamsarani.sathyanarayanan
73,hanmant.bhise@office365demo.com,0.7771,hanmant.bhise
74,hariharan.sundararajan@office365demo.com,0.8259000000000001,hariharan.sundararajan
75,hariharan.tamilarasu@office365demo.com,0.7989,hariharan.tamilarasu
76,harishkumar.hooda@office365demo.com,0.784,harishkumar.hooda
77,hcardoso@office365demo.com,0.8636,hcardoso
78,hemant.singh@office365demo.com,0.7358,hemant.singh
79,hirandharan@office365demo.com,0.8572,hirandharan
80,hooda4982@gmail.com,0.7681,hooda4982
81,hsr@colbd.net,0.7943,hsr
82,info@bhati.ml,0.8125,info
83,info@office365demo.com,0.7551,info
84,info@svplastics.com,0.7978,info
85,invent@office365demo.com,0.7772,invent
86,investor@office365demo.com,0.8488,investor
87,ippl@ipplbd.com,0.8,ippl
88,iraahuja@office365demo.com,0.7864,iraahuja
89,jeeva.vellaisamy@office365demo.com,0.7868,jeeva.vellaisamy
90,jos@office365demo.com,0.8068,jos
91,jude.arulnathan@office365demo.com,0.7488,jude.arulnathan
92,kalaiselvan.avidaikkutty@office365demo.com,0.7796000000000001,kalaiselvan.avidaikkutty
93,karthick.muniyappan@office365demo.com,0.8228,karthick.muniyappan
94,karthick.sankaran@office365demo.com,0.755,karthick.sankaran
95,karthik.bhojan@office365demo.com,0.81995,karthik.bhojan
96,karthika.v@office365demo.com,0.7421,karthika.v
97,karthikeyan.palanisamy@office365demo.com,0.8519,karthikeyan.palanisamy
98,karthikeyan.sampathkumar@office365demo.com,0.8076,karthikeyan.sampathkumar
99,kaushlendrasingh@office365demo.com,0.8367,kaushlendrasingh
100,kishorekumar.andrews@office365demo.com,0.7695,kishorekumar.andrews
101,kowsikan.rathinasamy@office365demo.com,0.7883666666666667,kowsikan.rathinasamy
102,kuppusamys@office365demo.com,0.8365,kuppusamys
103,lalit.mohan@office365demo.com,0.7759,lalit.mohan
104,lib-finance@office365demo.com,0.8629,lib-finance
105,libmcs@office365demo.com,0.8568,libmcs
106,liboffice@office365demo.com,0.7926,liboffice
107,libpurchase@office365demo.com,0.7403,libpurchase
108,magesh.subramanian@office365demo.com,0.7812,magesh.subramanian
109,mahendran.krishnasamy@office365demo.com,0.82545,mahendran.krishnasamy
110,malarvalan1224@gmail.com,0.7656,malarvalan1224
111,manikandan.rajamani@office365demo.com,0.7702,manikandan.rajamani
112,manikandan.sethuraajan@office365demo.com,0.8645,manikandan.sethuraajan
113,manishnangia@office365demo.com,0.8454,manishnangia
114,mansoorahamed.musthafa@office365demo.com,0.7682,mansoorahamed.musthafa
115,maruthachalam.palaniappan@office365demo.com,0.7442,maruthachalam.palaniappan
116,mohan.krishnan@office365demo.com,0.7346,mohan.krishnan
117,mohan.sivaraj@office365demo.com,0.8275,mohan.sivaraj
118,mohankumar.rangaraj@office365demo.com,0.8494,mohankumar.rangaraj
119,mohanraj.muthuswamy@office365demo.com,0.7583,mohanraj.muthuswamy
120,mohmmdyunus@office365demo.com,0.8056,mohmmdyunus
121,mukeshkumar.nagalingam@office365demo.com,0.7584,mukeshkumar.nagalingam
122,munichamy.gurusamy@office365demo.com,0.793,munichamy.gurusamy
123,murali.ranganathan@office365demo.com,0.82035,murali.ranganathan
124,murugesan.velayutham@office365demo.com,0.8093,murugesan.velayutham
125,muthukumar.vellingiri@office365demo.com,0.7175,muthukumar.vellingiri
126,namasivayam.jaganathan@office365demo.com,0.8311,namasivayam.jaganathan
127,naveenkumar.r@office365demo.com,0.7394,naveenkumar.r
128,nilton.resende@office365demo.com,0.7322,nilton.resende
129,nishanth.vasanthan@office365demo.com,0.7764,nishanth.vasanthan
130,no-reply@dbmailer.pw,0.7219,no-reply
131,nopit@projectinquiry.pw,0.8565,nopit
132,noreply@wetransfer.com,0.8434,noreply
133,operationexcellent-1@office365demo.com,0.7295,operationexcellent-1
134,p3gatecontrol@office365demo.com,0.7262,p3gatecontrol
135,parameswaranar@office365demo.com,0.83,parameswaranar
136,partheeban.mariaxavier@office365demo.com,0.7337,partheeban.mariaxavier
137,pasupathy.ramadas@office365demo.com,0.8341,pasupathy.ramadas
138,patsorn@stone-icon.com,0.8193,patsorn
139,plant1.itfms@office365demo.com,0.8484333333333334,plant1.itfms
140,plant2@office365demo.com,0.8636,plant2
141,plant3fr@office365demo.com,0.864,plant3fr
142,plant7@office365demo.com,0.8572,plant7
143,prabhakaran.sundarapandian@office365demo.com,0.7365,prabhakaran.sundarapandian
144,prabhu.nandhi@office365demo.com,0.7511000000000001,prabhu.nandhi
145,prabhudev.vijayan@office365demo.com,0.8149,prabhudev.vijayan
146,prabu.subramanian@office365demo.com,0.7524,prabu.subramanian
147,pradeep.vijayan@office365demo.com,0.8644,pradeep.vijayan
148,prakash.ponnusamy@office365demo.com,0.7449,prakash.ponnusamy
149,praveenraj.senthilkumar@office365demo.com,0.7282,praveenraj.senthilkumar
150,pravin@office365demo.com,0.7941,pravin
151,prem.sharma@office365demo.com,0.8212,prem.sharma
152,premramesh.sk@office365demo.com,0.8629,premramesh.sk
153,ptyagi@office365demo.com,0.7375,ptyagi
154,qe-giipumps@office365demo.com,0.7855,qe-giipumps
155,radheeshbabu@office365demo.com,0.7243,radheeshbabu
156,rajagopal@office365demo.com,0.8266,rajagopal
157,rajagopalan.ponnusamy@office365demo.com,0.7224,rajagopalan.ponnusamy
158,rajanrk@office365demo.com,0.7636,rajanrk
159,rajasekaran.mohanakrishnan@office365demo.com,0.7494,rajasekaran.mohanakrishnan
160,rajendran.rangaraju@office365demo.com,0.8412,rajendran.rangaraju
161,rajeshwari.gopal@office365demo.com,0.8615,rajeshwari.gopal
162,rajiv.saxena@office365demo.com,0.8123,rajiv.saxena
163,rajivgandhi.venugopal@office365demo.com,0.827,rajivgandhi.venugopal
164,rakesh.sharma@office365demo.com,0.796,rakesh.sharma
165,ramanathan.jayakumar@office365demo.com,0.797,ramanathan.jayakumar
166,ramaraj.govindaraj@office365demo.com,0.7587,ramaraj.govindaraj
167,ramasubramania.raja@office365demo.com,0.84,ramasubramania.raja
168,ramathilak@office365demo.com,0.7498,ramathilak
169,ramesh.desingh@office365demo.com,0.7597,ramesh.desingh
170,ramkumar.ramasamy@office365demo.com,0.7992333333333334,ramkumar.ramasamy
171,ramkumar.somasundaram@office365demo.com,0.80585,ramkumar.somasundaram
172,rathinaraja.ayyamperumal@office365demo.com,0.748,rathinaraja.ayyamperumal
173,ravi.balasubramaniam@office365demo.com,0.8412,ravi.balasubramaniam
174,ravikumar.rathinavelu@office365demo.com,0.8149,ravikumar.rathinavelu
175,rodrigo.nunes@office365demo.com,0.7354,rodrigo.nunes
176,sachin.tyagi@office365demo.com,0.816,sachin.tyagi
177,sadham.jahir@office365demo.com,0.7561,sadham.jahir
178,sakthivel.venkatachalam@office365demo.com,0.7905,sakthivel.venkatachalam
179,sale@snaptv.me,0.7963,sale
180,saleemrajaa@office365demo.com,0.748,saleemrajaa
181,sales@jindaqiye.com.cn,0.8627,sales
182,salescoordinator@office365demo.com,0.8298,salescoordinator
183,sampat.gunjawate@office365demo.com,0.8384,sampat.gunjawate
184,sampathkumar.g@office365demo.com,0.786,sampathkumar.g
185,sampathkumar.ganesan@office365demo.com,0.8218,sampathkumar.ganesan
186,sampathkumar.natarajan@office365demo.com,0.7282,sampathkumar.natarajan
187,sampathv@office365demo.com,0.8268,sampathv
188,sanat@office365demo.com,0.7364,sanat
189,sandeep.joshi@office365demo.com,0.7574,sandeep.joshi
190,sandeep@office365demo.com,0.7366,sandeep
191,sangram.jadhav@office365demo.com,0.8593,sangram.jadhav
192,sanjeev.kumar@office365demo.com,0.8082,sanjeev.kumar
193,sanjeevgaur@office365demo.com,0.8456,sanjeevgaur
194,santhosh.venkatesan@office365demo.com,0.8285,santhosh.venkatesan
195,santhoshkumar.thiyagarajan@office365demo.com,0.8004,santhoshkumar.thiyagarajan
196,saran.karthi@postiefs.com,0.7375,saran.karthi
197,saravanaa.ramasamy@office365demo.com,0.7229,saravanaa.ramasamy
198,saravanakumar.ranganathan@office365demo.com,0.8495,saravanakumar.ranganathan
199,saravanan.devaraj@office365demo.com,0.8164,saravanan.devaraj
200,saravanan.mohan@office365demo.com,0.8275,saravanan.mohan
201,sarfaraj.ahamad@office365demo.com,0.8425,sarfaraj.ahamad
202,satheesh.palanisamy@office365demo.com,0.772,satheesh.palanisamy
203,sathiyanarayanan.muthukrishnan@office365demo.com,0.7598,sathiyanarayanan.muthukrishnan
204,sathyase@office365demo.com,0.7151,sathyase
205,sathyaseelan.duraisamy@office365demo.com,0.8136,sathyaseelan.duraisamy
206,sathyaseeland@office365demo.com,0.8629,sathyaseeland
207,satishkumar.nanjundan@office365demo.com,0.7995,satishkumar.nanjundan
208,satishkumar.rangasamy@office365demo.com,0.82435,satishkumar.rangasamy
209,selma@egljkt.com,0.717,selma
210,selvarajk@office365demo.com,0.7864,selvarajk
211,senthilmurugank@office365demo.com,0.8347,senthilmurugank
212,senthilnathan.pachamuthu@office365demo.com,0.809,senthilnathan.pachamuthu
213,senthilrpde@office365demo.com,0.7879,senthilrpde
214,shailendrajha@office365demo.com,0.7377,shailendrajha
215,shivrajtupe@office365demo.com,0.8171,shivrajtupe
216,shripad.kalamdane@office365demo.com,0.8609,shripad.kalamdane
217,shyamsundar.b@office365demo.com,0.7481,shyamsundar.b
218,siddharth.manoharan@office365demo.com,0.8143,siddharth.manoharan
219,sivakumar.viswanathan@office365demo.com,0.8403,sivakumar.viswanathan
220,sivasakthi.murugesan@office365demo.com,0.8215,sivasakthi.murugesan
221,sivasankarankv@office365demo.com,0.7378,sivasankarankv
222,sneha.devan@office365demo.com,0.7805,sneha.devan
223,snehasish.tripathy@office365demo.com,0.7385,snehasish.tripathy
224,somasundaramn@office365demo.com,0.8631,somasundaramn
225,sougata.dey@office365demo.com,0.7607,sougata.dey
226,soundappan.arumugam@office365demo.com,0.7692,soundappan.arumugam
227,spindlemanufacturingshop@office365demo.com,0.7825,spindlemanufacturingshop
228,sridevip@office365demo.com,0.8479,sridevip
229,sridharj@office365demo.com,0.8177,sridharj
230,srikanth.ramabadran@office365demo.com,0.8374,srikanth.ramabadran
231,srikanth.veerappan@office365demo.com,0.7182,srikanth.veerappan
232,srinivasan.raghavan@office365demo.com,0.7249,srinivasan.raghavan
233,srinivasan.sampath@office365demo.com,0.818,srinivasan.sampath
234,sriram.boopathy@office365demo.com,0.8386,sriram.boopathy
235,sriram.gopalakrishnan@office365demo.com,0.8526,sriram.gopalakrishnan
236,sriram.rajagopalan@office365demo.com,0.8582,sriram.rajagopalan
237,subbu@office365demo.com,0.755,subbu
238,subhash.chikane@office365demo.com,0.7443,subhash.chikane
239,subramani.rajkumar@office365demo.com,0.8203,subramani.rajkumar
240,sudarshan.sridhar@office365demo.com,0.7726999999999999,sudarshan.sridhar
241,sudhakars@office365demo.com,0.8564,sudhakars
242,sugumar.vijayakumar@office365demo.com,0.781,sugumar.vijayakumar
243,sugunaj@office365demo.com,0.8102,sugunaj
244,sundar.selvaraj@office365demo.com,0.7598,sundar.selvaraj
245,sundaresan.puranam@office365demo.com,0.8054,sundaresan.puranam
246,support@dhl.com,0.8127,support
247,support@office365demo.com,0.726,support
248,suresh.adhikari@tatamotors.com,0.7154,suresh.adhikari
249,suresh.mariappan@office365demo.com,0.8117000000000001,suresh.mariappan
250,suresh.rajendran@office365demo.com,0.7331,suresh.rajendran
251,suresh.subramani@office365demo.com,0.79335,suresh.subramani
252,sureshkumar.rangasamy@office365demo.com,0.8057,sureshkumar.rangasamy
253,sureshkumars@office365demo.com,0.8339,sureshkumars
254,sureshp@office365demo.com,0.8287,sureshp
255,suresht@office365demo.com,0.7517,suresht
256,suriyakumar.munisamy@office365demo.com,0.7687,suriyakumar.munisamy
257,suryakant.dash@office365demo.com,0.8212,suryakant.dash
258,sv223plastics@yahoo.com,0.7978,sv223plastics
259,t-kawaguchi@comcell.co.jp,0.8293,t-kawaguchi
260,tarun@office365demo.com,0.7559,tarun
261,tejpalsaini@office365demo.com,0.7241,tejpalsaini
262,thamizhanban@office365demo.com,0.8522,thamizhanban
263,thangapandian.pandian@office365demo.com,0.8461,thangapandian.pandian
264,thirunavukkarasu.periyasamy@office365demo.com,0.7535,thirunavukkarasu.periyasamy
265,travel.support@office365demo.com,0.8076,travel.support
266,tvs_bd@office365demo.com,0.76695,tvs_bd
267,udhay@office365demo.com,0.7976,udhay
268,vairamanikandan.ponniah@office365demo.com,0.845,vairamanikandan.ponniah
269,vanithamohan@office365demo.com,0.7643,vanithamohan
270,varadharajans@office365demo.com,0.8076,varadharajans
271,velusamytp@office365demo.com,0.7782,velusamytp
272,vendorsupport@office365demo.com,0.7579,vendorsupport
273,venkidupathi.balakrishnan@office365demo.com,0.8212,venkidupathi.balakrishnan
274,vigneshbabu.kuppusamy@office365demo.com,0.8066,vigneshbabu.kuppusamy
275,vigneshkumar.thanikasalam@office365demo.com,0.7481,vigneshkumar.thanikasalam
276,vijay.desai@office365demo.com,0.7706,vijay.desai
277,vijayakumar.subramanian@office365demo.com,0.7164,vijayakumar.subramanian
278,vikram@office365demo.com,0.7498333333333335,vikram
279,vimala.bharathi@office365demo.com,0.8494,vimala.bharathi
280,vinayakar.ponnaiah@office365demo.com,0.8477,vinayakar.ponnaiah
281,vinod.vijayaraghavan@office365demo.com,0.7825,vinod.vijayaraghavan
282,vinod@office365demo.com,0.7573,vinod
283,vinodkumar.rajendran@office365demo.com,0.7936000000000001,vinodkumar.rajendran
284,vinodkumars@office365demo.com,0.7351,vinodkumars
285,vinodyadav@office365demo.com,0.8035,vinodyadav
286,vishwapal.pawar@office365demo.com,0.8212,vishwapal.pawar
287,visveshvarenms@office365demo.com,0.758,visveshvarenms
288,vivek.sharma@office365demo.com,0.8379,vivek.sharma
289,vjmohan@office365demo.com,0.7309,vjmohan
290,vt.doraiarasu@office365demo.com,0.8212,vt.doraiarasu
291,yuvaraj.narayanaswamy@office365demo.com,0.8575,yuvaraj.narayanaswamy
292,yuvaraja.kumar@office365demo.com,0.7267,yuvaraja.kumar
